{"cameraMode":{"drawMode":0,"name":"Shaded","section":"Shading Mode"},"sceneLighting":true,"audioPlay":false,"sceneViewState":{"showFog":true,"showMaterialUpdate":false,"showSkybox":true,"showFlares":true,"showImageEffects":true,"showParticleSystems":true},"in2DMode":false,"pivot":{"x":-1.8229126930236817,"y":2.5578672885894777,"z":-5.957623481750488},"rotation":{"x":0.0969175174832344,"y":0.7675047516822815,"z":-0.11953209340572357,"w":0.6222987174987793},"size":7.17076301574707,"orthographic":false}